{"id":"20231009_180424_77_24b5","type":"Feature","geometry":{"coordinates":[[[-122.40151619296643,37.597730788136936],[-122.45132337797506,37.41370561222882],[-122.06726652620785,37.346818283577626],[-122.01664185481388,37.530269039785146],[-122.40151619296643,37.597730788136936]]],"type":"Polygon"},"properties":{"acquired":"2023-10-09T18:04:24.779108Z","anomalous_pixels":0,"clear_confidence_percent":44,"clear_percent":12,"cloud_cover":0.86,"cloud_percent":65,"ground_control":false,"gsd":3.9,"heavy_haze_percent":21,"instrument":"PSB.SD","item_type":"PSScene","light_haze_percent":0,"pixel_resolution":3,"provider":"planetscope","published":"2023-10-10T02:49:33Z","publishing_stage":"preview","quality_category":"test","satellite_azimuth":105.5,"satellite_id":"24b5","shadow_percent":0,"snow_ice_percent":1,"strip_id":"6825565","sun_azimuth":143.3,"sun_elevation":39.1,"updated":"2023-10-10T05:15:22Z","view_angle":1.7,"visible_confidence_percent":61,"visible_percent":14}}
