{
    "geometry": {
        "coordinates": [
            [
                [
                    -122.182855,
                    37.417424
                ],
                [
                    -122.182855,
                    37.426557
                ],
                [
                    -122.168133,
                    37.426557
                ],
                [
                    -122.168133,
                    37.417424
                ],
                [
                    -122.182855,
                    37.417424
                ]
            ]
        ],
        "type": "Polygon"
    },
    "properties": {
        "acquired": "2022-11-26T18:48:05.315195Z",
        "anomalous_pixels": 0.0,
        "clear_confidence_percent": 97,
        "clear_percent": 100,
        "cloud_cover": 0.0,
        "cloud_percent": 0,
        "ground_control": true,
        "gsd": 3.8,
        "heavy_haze_percent": 0,
        "instrument": "PSB.SD",
        "item_type": "PSScene",
        "light_haze_percent": 0,
        "pixel_resolution": 3.0,
        "publishing_stage": "finalized",
        "quality_category": "standard",
        "satellite_azimuth": 124.9,
        "satellite_id": "2413",
        "shadow_percent": 0,
        "snow_ice_percent": 0,
        "strip_id": "6104067",
        "sun_azimuth": 161.8,
        "sun_elevation": 29.4,
        "updated": "2023-10-13T22:20:41Z",
        "view_angle": 0.3,
        "visible_confidence_percent": 97,
        "visible_percent": 100
    },
    "type": "Feature"
}