{
    "id": "20221218_183307_95_2473",
    "type": "Feature",
    "geometry": {
        "type": "Polygon",
        "coordinates": [
            [
                [
                    -122.182855,
                    37.417424
                ],
                [
                    -122.182855,
                    37.426557
                ],
                [
                    -122.168133,
                    37.426557
                ],
                [
                    -122.168133,
                    37.417424
                ],
                [
                    -122.182855,
                    37.417424
                ]
            ]
        ]
    },
    "properties": {
        "acquired": "2022-12-18T18:33:07.958568Z",
        "anomalous_pixels": 0,
        "clear_confidence_percent": 99,
        "clear_percent": 100,
        "cloud_cover": 0.0,
        "cloud_percent": 0,
        "ground_control": true,
        "gsd": 3.9,
        "heavy_haze_percent": 0,
        "instrument": "PSB.SD",
        "item_type": "PSScene",
        "light_haze_percent": 0,
        "pixel_resolution": 3,
        "provider": "planetscope",
        "published": "2022-12-18T22:43:49Z",
        "publishing_stage": "finalized",
        "quality_category": "standard",
        "satellite_azimuth": 275.4,
        "satellite_id": "2473",
        "shadow_percent": 0,
        "snow_ice_percent": 0,
        "strip_id": "6153179",
        "sun_azimuth": 156.2,
        "sun_elevation": 25.3,
        "updated": "2022-12-19T05:27:19Z",
        "view_angle": 2.2,
        "visible_confidence_percent": 99,
        "visible_percent": 100
    }
}