{
    "id": "20221115_175812_44_2458",
    "type": "Feature",
    "geometry": {
        "type": "Polygon",
        "coordinates": [
            [
                [
                    -122.182855,
                    37.417424
                ],
                [
                    -122.182855,
                    37.426557
                ],
                [
                    -122.168133,
                    37.426557
                ],
                [
                    -122.168133,
                    37.417424
                ],
                [
                    -122.182855,
                    37.417424
                ]
            ]
        ]
    },
    "properties": {
        "acquired": "2022-11-15T17:58:12.445461Z",
        "anomalous_pixels": 0,
        "clear_confidence_percent": 99,
        "clear_percent": 100,
        "cloud_cover": 0.0,
        "cloud_percent": 0,
        "ground_control": true,
        "gsd": 3.9,
        "heavy_haze_percent": 0,
        "instrument": "PSB.SD",
        "item_type": "PSScene",
        "light_haze_percent": 0,
        "pixel_resolution": 3,
        "provider": "planetscope",
        "published": "2022-11-15T22:02:02Z",
        "publishing_stage": "finalized",
        "quality_category": "standard",
        "satellite_azimuth": 108.7,
        "satellite_id": "2458",
        "shadow_percent": 0,
        "snow_ice_percent": 0,
        "strip_id": "6080437",
        "sun_azimuth": 149,
        "sun_elevation": 27.8,
        "updated": "2023-03-07T17:00:18Z",
        "view_angle": 1,
        "visible_confidence_percent": 99,
        "visible_percent": 100
    }
}