{
    "id": "20221202_182940_61_2474",
    "type": "Feature",
    "geometry": {
        "type": "Polygon",
        "coordinates": [
            [
                [
                    -122.182855,
                    37.417424
                ],
                [
                    -122.182855,
                    37.426557
                ],
                [
                    -122.168133,
                    37.426557
                ],
                [
                    -122.168133,
                    37.417424
                ],
                [
                    -122.182855,
                    37.417424
                ]
            ]
        ]
    },
    "properties": {
        "acquired": "2022-12-02T18:29:40.612586Z",
        "anomalous_pixels": 0,
        "clear_confidence_percent": 99,
        "clear_percent": 100,
        "cloud_cover": 0.0,
        "cloud_percent": 0,
        "ground_control": true,
        "gsd": 3.9,
        "heavy_haze_percent": 0,
        "instrument": "PSB.SD",
        "item_type": "PSScene",
        "light_haze_percent": 0,
        "pixel_resolution": 3,
        "provider": "planetscope",
        "published": "2022-12-02T21:19:57Z",
        "publishing_stage": "finalized",
        "quality_category": "standard",
        "satellite_azimuth": 100.8,
        "satellite_id": "2474",
        "shadow_percent": 0,
        "snow_ice_percent": 0,
        "strip_id": "6117199",
        "sun_azimuth": 157.5,
        "sun_elevation": 27.3,
        "updated": "2022-12-03T08:01:21Z",
        "view_angle": 5,
        "visible_confidence_percent": 99,
        "visible_percent": 100
    }
}