{
    "id": "20221115_183348_18_2482",
    "type": "Feature",
    "geometry": {
        "type": "Polygon",
        "coordinates": [
            [
                [
                    -122.182855,
                    37.417424
                ],
                [
                    -122.182855,
                    37.426557
                ],
                [
                    -122.168133,
                    37.426557
                ],
                [
                    -122.168133,
                    37.417424
                ],
                [
                    -122.182855,
                    37.417424
                ]
            ]
        ]
    },
    "properties": {
        "acquired": "2022-11-15T18:33:48.188857Z",
        "anomalous_pixels": 0,
        "clear_confidence_percent": 100,
        "clear_percent": 100,
        "cloud_cover": 0.0,
        "cloud_percent": 0,
        "ground_control": true,
        "gsd": 4,
        "heavy_haze_percent": 0,
        "instrument": "PSB.SD",
        "item_type": "PSScene",
        "light_haze_percent": 0,
        "pixel_resolution": 3,
        "provider": "planetscope",
        "published": "2022-11-15T22:54:03Z",
        "publishing_stage": "finalized",
        "quality_category": "standard",
        "satellite_azimuth": 278.1,
        "satellite_id": "2482",
        "shadow_percent": 0,
        "snow_ice_percent": 0,
        "strip_id": "6080597",
        "sun_azimuth": 157.5,
        "sun_elevation": 30.8,
        "updated": "2023-03-07T17:02:23Z",
        "view_angle": 4.9,
        "visible_confidence_percent": 100,
        "visible_percent": 100
    }
}