{
    "id": "20230325_183117_33_2470",
    "type": "Feature",
    "geometry": {
        "type": "Polygon",
        "coordinates": [
            [
                [
                    -122.182855,
                    37.417424
                ],
                [
                    -122.182855,
                    37.426557
                ],
                [
                    -122.168133,
                    37.426557
                ],
                [
                    -122.168133,
                    37.417424
                ],
                [
                    -122.182855,
                    37.417424
                ]
            ]
        ]
    },
    "properties": {
        "acquired": "2023-03-25T18:31:17.334773Z",
        "anomalous_pixels": 0,
        "clear_confidence_percent": 99,
        "clear_percent": 100,
        "cloud_cover": 0.0,
        "cloud_percent": 0,
        "ground_control": true,
        "gsd": 3.8,
        "heavy_haze_percent": 0,
        "instrument": "PSB.SD",
        "item_type": "PSScene",
        "light_haze_percent": 0,
        "pixel_resolution": 3,
        "provider": "planetscope",
        "published": "2023-03-25T23:42:28Z",
        "publishing_stage": "finalized",
        "quality_category": "standard",
        "satellite_azimuth": 100.7,
        "satellite_id": "2470",
        "shadow_percent": 0,
        "snow_ice_percent": 0,
        "strip_id": "6384901",
        "sun_azimuth": 140.7,
        "sun_elevation": 47.7,
        "updated": "2023-03-26T07:01:55Z",
        "view_angle": 4.8,
        "visible_confidence_percent": 99,
        "visible_percent": 100
    }
}