{
    "id": "20230302_180345_99_24c3",
    "type": "Feature",
    "geometry": {
        "type": "Polygon",
        "coordinates": [
            [
                [
                    -122.182855,
                    37.417424
                ],
                [
                    -122.182855,
                    37.426557
                ],
                [
                    -122.168133,
                    37.426557
                ],
                [
                    -122.168133,
                    37.417424
                ],
                [
                    -122.182855,
                    37.417424
                ]
            ]
        ]
    },
    "properties": {
        "acquired": "2023-03-02T18:03:45.994831Z",
        "anomalous_pixels": 0,
        "clear_confidence_percent": 100,
        "clear_percent": 100,
        "cloud_cover": 0.0,
        "cloud_percent": 0,
        "ground_control": true,
        "gsd": 4.1,
        "heavy_haze_percent": 0,
        "instrument": "PSB.SD",
        "item_type": "PSScene",
        "light_haze_percent": 0,
        "pixel_resolution": 3,
        "provider": "planetscope",
        "published": "2023-03-07T04:17:44Z",
        "publishing_stage": "finalized",
        "quality_category": "standard",
        "satellite_azimuth": 278,
        "satellite_id": "24c3",
        "shadow_percent": 0,
        "snow_ice_percent": 0,
        "strip_id": "6325499",
        "sun_azimuth": 136.6,
        "sun_elevation": 35,
        "updated": "2023-04-18T18:33:36Z",
        "view_angle": 4.9,
        "visible_confidence_percent": 100,
        "visible_percent": 100
    }
}