{
    "id": "20230215_180011_85_24bb",
    "type": "Feature",
    "geometry": {
        "type": "Polygon",
        "coordinates": [
            [
                [
                    -122.182855,
                    37.417424
                ],
                [
                    -122.182855,
                    37.426557
                ],
                [
                    -122.168133,
                    37.426557
                ],
                [
                    -122.168133,
                    37.417424
                ],
                [
                    -122.182855,
                    37.417424
                ]
            ]
        ]
    },
    "properties": {
        "acquired": "2023-02-15T18:00:11.859331Z",
        "anomalous_pixels": 0,
        "clear_confidence_percent": 99,
        "clear_percent": 100,
        "cloud_cover": 0.0,
        "cloud_percent": 0,
        "ground_control": true,
        "gsd": 4.1,
        "heavy_haze_percent": 0,
        "instrument": "PSB.SD",
        "item_type": "PSScene",
        "light_haze_percent": 0,
        "pixel_resolution": 3,
        "provider": "planetscope",
        "published": "2023-03-07T04:15:01Z",
        "publishing_stage": "finalized",
        "quality_category": "standard",
        "satellite_azimuth": 101.2,
        "satellite_id": "24bb",
        "shadow_percent": 0,
        "snow_ice_percent": 0,
        "strip_id": "6290924",
        "sun_azimuth": 139.5,
        "sun_elevation": 30.1,
        "updated": "2023-04-27T14:01:06Z",
        "view_angle": 5,
        "visible_confidence_percent": 99,
        "visible_percent": 100
    }
}