{
    "id": "20230415_175504_46_241d",
    "type": "Feature",
    "geometry": {
        "type": "Polygon",
        "coordinates": [
            [
                [
                    -122.182855,
                    37.417424
                ],
                [
                    -122.182855,
                    37.426557
                ],
                [
                    -122.168133,
                    37.426557
                ],
                [
                    -122.168133,
                    37.417424
                ],
                [
                    -122.182855,
                    37.417424
                ]
            ]
        ]
    },
    "properties": {
        "acquired": "2023-04-15T17:55:04.46084Z",
        "anomalous_pixels": 0,
        "clear_confidence_percent": 99,
        "clear_percent": 100,
        "cloud_cover": 0.0,
        "cloud_percent": 0,
        "ground_control": true,
        "gsd": 3.8,
        "heavy_haze_percent": 0,
        "instrument": "PSB.SD",
        "item_type": "PSScene",
        "light_haze_percent": 0,
        "pixel_resolution": 3,
        "provider": "planetscope",
        "published": "2023-04-16T00:43:30Z",
        "publishing_stage": "finalized",
        "quality_category": "standard",
        "satellite_azimuth": 101.1,
        "satellite_id": "241d",
        "shadow_percent": 0,
        "snow_ice_percent": 0,
        "strip_id": "6437085",
        "sun_azimuth": 124.2,
        "sun_elevation": 49.6,
        "updated": "2023-04-19T22:25:23Z",
        "view_angle": 4.7,
        "visible_confidence_percent": 99,
        "visible_percent": 100
    }
}