{
    "id": "20230714_183752_35_227a",
    "type": "Feature",
    "geometry": {
        "type": "Polygon",
        "coordinates": [
            [
                [
                    -122.182855,
                    37.417424
                ],
                [
                    -122.182855,
                    37.426557
                ],
                [
                    -122.168133,
                    37.426557
                ],
                [
                    -122.168133,
                    37.417424
                ],
                [
                    -122.182855,
                    37.417424
                ]
            ]
        ]
    },
    "properties": {
        "acquired": "2023-07-14T18:37:52.358012Z",
        "anomalous_pixels": 0,
        "clear_confidence_percent": 100,
        "clear_percent": 100,
        "cloud_cover": 0.0,
        "cloud_percent": 0,
        "ground_control": true,
        "gsd": 3.8,
        "heavy_haze_percent": 0,
        "instrument": "PSB.SD",
        "item_type": "PSScene",
        "light_haze_percent": 0,
        "pixel_resolution": 3,
        "provider": "planetscope",
        "published": "2023-07-14T22:49:48Z",
        "publishing_stage": "finalized",
        "quality_category": "standard",
        "satellite_azimuth": 100.9,
        "satellite_id": "227a",
        "shadow_percent": 0,
        "snow_ice_percent": 0,
        "strip_id": "6647556",
        "sun_azimuth": 121,
        "sun_elevation": 64.3,
        "updated": "2023-07-15T04:49:24Z",
        "view_angle": 5,
        "visible_confidence_percent": 100,
        "visible_percent": 100
    }
}