{
    "id": "20230415_180000_21_2439",
    "type": "Feature",
    "geometry": {
        "type": "Polygon",
        "coordinates": [
            [
                [
                    -122.182855,
                    37.417424
                ],
                [
                    -122.182855,
                    37.426557
                ],
                [
                    -122.168133,
                    37.426557
                ],
                [
                    -122.168133,
                    37.417424
                ],
                [
                    -122.182855,
                    37.417424
                ]
            ]
        ]
    },
    "properties": {
        "acquired": "2023-04-15T18:00:00.218796Z",
        "anomalous_pixels": 0,
        "clear_confidence_percent": 100,
        "clear_percent": 100,
        "cloud_cover": 0.0,
        "cloud_percent": 0,
        "ground_control": true,
        "gsd": 3.8,
        "heavy_haze_percent": 0,
        "instrument": "PSB.SD",
        "item_type": "PSScene",
        "light_haze_percent": 0,
        "pixel_resolution": 3,
        "provider": "planetscope",
        "published": "2023-04-16T04:33:03Z",
        "publishing_stage": "finalized",
        "quality_category": "standard",
        "satellite_azimuth": 278,
        "satellite_id": "2439",
        "shadow_percent": 0,
        "snow_ice_percent": 0,
        "strip_id": "6437404",
        "sun_azimuth": 124.8,
        "sun_elevation": 49.8,
        "updated": "2023-04-17T20:37:33Z",
        "view_angle": 5,
        "visible_confidence_percent": 100,
        "visible_percent": 100
    }
}