{
    "id": "20230117_183254_14_2478",
    "type": "Feature",
    "geometry": {
        "type": "Polygon",
        "coordinates": [
            [
                [
                    -122.182855,
                    37.417424
                ],
                [
                    -122.182855,
                    37.426557
                ],
                [
                    -122.168133,
                    37.426557
                ],
                [
                    -122.168133,
                    37.417424
                ],
                [
                    -122.182855,
                    37.417424
                ]
            ]
        ]
    },
    "properties": {
        "acquired": "2023-01-17T18:32:54.148694Z",
        "anomalous_pixels": 0,
        "clear_confidence_percent": 99,
        "clear_percent": 100,
        "cloud_cover": 0.0,
        "cloud_percent": 0,
        "ground_control": true,
        "gsd": 3.9,
        "heavy_haze_percent": 0,
        "instrument": "PSB.SD",
        "item_type": "PSScene",
        "light_haze_percent": 0,
        "pixel_resolution": 3,
        "provider": "planetscope",
        "published": "2023-01-18T12:58:33Z",
        "publishing_stage": "finalized",
        "quality_category": "standard",
        "satellite_azimuth": 269.4,
        "satellite_id": "2478",
        "shadow_percent": 0,
        "snow_ice_percent": 0,
        "strip_id": "6219068",
        "sun_azimuth": 151.9,
        "sun_elevation": 26.8,
        "updated": "2023-03-07T11:29:06Z",
        "view_angle": 1.4,
        "visible_confidence_percent": 99,
        "visible_percent": 100
    }
}