{
    "id": "20230927_184344_22_247d",
    "type": "Feature",
    "geometry": {
        "type": "Polygon",
        "coordinates": [
            [
                [
                    -122.168133,
                    37.42094876432899
                ],
                [
                    -122.182855,
                    37.42351235407414
                ],
                [
                    -122.182855,
                    37.426557
                ],
                [
                    -122.168133,
                    37.426557
                ],
                [
                    -122.168133,
                    37.42094876432899
                ]
            ]
        ]
    },
    "properties": {
        "acquired": "2023-09-27T18:43:44.223222Z",
        "anomalous_pixels": 0,
        "clear_confidence_percent": 100,
        "clear_percent": 100,
        "cloud_cover": 0.0,
        "cloud_percent": 0,
        "ground_control": true,
        "gsd": 3.6,
        "heavy_haze_percent": 0,
        "instrument": "PSB.SD",
        "item_type": "PSScene",
        "light_haze_percent": 0,
        "pixel_resolution": 3,
        "provider": "planetscope",
        "published": "2023-09-28T01:31:44Z",
        "publishing_stage": "finalized",
        "quality_category": "standard",
        "satellite_azimuth": 264.1,
        "satellite_id": "247d",
        "shadow_percent": 0,
        "snow_ice_percent": 0,
        "strip_id": "6800033",
        "sun_azimuth": 151.6,
        "sun_elevation": 47.1,
        "updated": "2023-09-28T09:58:01Z",
        "view_angle": 0.8,
        "visible_confidence_percent": 100,
        "visible_percent": 100
    }
}