{
    "geometry": {
        "coordinates": [
            [
                [
                    -122.182855,
                    37.417424
                ],
                [
                    -122.182855,
                    37.426557
                ],
                [
                    -122.168133,
                    37.426557
                ],
                [
                    -122.168133,
                    37.417424
                ],
                [
                    -122.182855,
                    37.417424
                ]
            ]
        ],
        "type": "Polygon"
    },
    "properties": {
        "acquired": "2023-07-30T18:04:08.386283Z",
        "anomalous_pixels": 0.0,
        "clear_confidence_percent": 100,
        "clear_percent": 100,
        "cloud_cover": 0.0,
        "cloud_percent": 0,
        "ground_control": true,
        "gsd": 3.7,
        "heavy_haze_percent": 0,
        "instrument": "PSB.SD",
        "item_type": "PSScene",
        "light_haze_percent": 0,
        "pixel_resolution": 3.0,
        "publishing_stage": "finalized",
        "quality_category": "standard",
        "satellite_azimuth": 275.1,
        "satellite_id": "2458",
        "shadow_percent": 0,
        "snow_ice_percent": 0,
        "strip_id": "6682704",
        "sun_azimuth": 114.2,
        "sun_elevation": 55.5,
        "updated": "2023-10-13T22:21:30Z",
        "view_angle": 2.4,
        "visible_confidence_percent": 100,
        "visible_percent": 100
    },
    "type": "Feature"
}