{
    "geometry": {
        "coordinates": [
            [
                [
                    -122.182855,
                    37.417424
                ],
                [
                    -122.182855,
                    37.426557
                ],
                [
                    -122.168133,
                    37.426557
                ],
                [
                    -122.168133,
                    37.417424
                ],
                [
                    -122.182855,
                    37.417424
                ]
            ]
        ],
        "type": "Polygon"
    },
    "properties": {
        "acquired": "2023-06-02T18:01:15.827861Z",
        "anomalous_pixels": 0.0,
        "clear_confidence_percent": 99,
        "clear_percent": 100,
        "cloud_cover": 0.0,
        "cloud_percent": 0,
        "ground_control": true,
        "gsd": 3.9,
        "heavy_haze_percent": 0,
        "instrument": "PSB.SD",
        "item_type": "PSScene",
        "light_haze_percent": 0,
        "pixel_resolution": 3.0,
        "publishing_stage": "finalized",
        "quality_category": "standard",
        "satellite_azimuth": 102.7,
        "satellite_id": "24c4",
        "shadow_percent": 0,
        "snow_ice_percent": 0,
        "strip_id": "6551855",
        "sun_azimuth": 110.8,
        "sun_elevation": 59.4,
        "updated": "2023-10-13T22:22:06Z",
        "view_angle": 3.1,
        "visible_confidence_percent": 99,
        "visible_percent": 100
    },
    "type": "Feature"
}