{
    "id": "20230816_184135_63_247b",
    "type": "Feature",
    "geometry": {
        "type": "Polygon",
        "coordinates": [
            [
                [
                    -122.182855,
                    37.417424
                ],
                [
                    -122.182855,
                    37.426557
                ],
                [
                    -122.168133,
                    37.426557
                ],
                [
                    -122.168133,
                    37.417424
                ],
                [
                    -122.182855,
                    37.417424
                ]
            ]
        ]
    },
    "properties": {
        "acquired": "2023-08-16T18:41:35.63477Z",
        "anomalous_pixels": 0,
        "clear_confidence_percent": 100,
        "clear_percent": 100,
        "cloud_cover": 0.0,
        "cloud_percent": 0,
        "ground_control": true,
        "gsd": 3.7,
        "heavy_haze_percent": 0,
        "instrument": "PSB.SD",
        "item_type": "PSScene",
        "light_haze_percent": 0,
        "pixel_resolution": 3,
        "provider": "planetscope",
        "published": "2023-08-20T03:53:15Z",
        "publishing_stage": "finalized",
        "quality_category": "standard",
        "satellite_azimuth": 209.6,
        "satellite_id": "247b",
        "shadow_percent": 0,
        "snow_ice_percent": 0,
        "strip_id": "6717370",
        "sun_azimuth": 133.4,
        "sun_elevation": 58.7,
        "updated": "2023-08-20T09:59:47Z",
        "view_angle": 0.2,
        "visible_confidence_percent": 100,
        "visible_percent": 100
    }
}