{
    "id": "20230424_175856_76_241b",
    "type": "Feature",
    "geometry": {
        "type": "Polygon",
        "coordinates": [
            [
                [
                    -122.182855,
                    37.417424
                ],
                [
                    -122.182855,
                    37.426557
                ],
                [
                    -122.168133,
                    37.426557
                ],
                [
                    -122.168133,
                    37.417424
                ],
                [
                    -122.182855,
                    37.417424
                ]
            ]
        ]
    },
    "properties": {
        "acquired": "2023-04-24T17:58:56.761958Z",
        "anomalous_pixels": 0,
        "clear_confidence_percent": 99,
        "clear_percent": 100,
        "cloud_cover": 0.0,
        "cloud_percent": 0,
        "ground_control": true,
        "gsd": 3.6,
        "heavy_haze_percent": 0,
        "instrument": "PSB.SD",
        "item_type": "PSScene",
        "light_haze_percent": 0,
        "pixel_resolution": 3,
        "provider": "planetscope",
        "published": "2023-04-24T23:29:15Z",
        "publishing_stage": "finalized",
        "quality_category": "standard",
        "satellite_azimuth": 276.4,
        "satellite_id": "241b",
        "shadow_percent": 0,
        "snow_ice_percent": 0,
        "strip_id": "6458341",
        "sun_azimuth": 121.8,
        "sun_elevation": 52.2,
        "updated": "2023-04-25T09:58:43Z",
        "view_angle": 5.1,
        "visible_confidence_percent": 99,
        "visible_percent": 100
    }
}