{
    "id": "20230913_180218_99_24ce",
    "type": "Feature",
    "geometry": {
        "type": "Polygon",
        "coordinates": [
            [
                [
                    -122.182855,
                    37.417424
                ],
                [
                    -122.182855,
                    37.426557
                ],
                [
                    -122.168133,
                    37.426557
                ],
                [
                    -122.168133,
                    37.417424
                ],
                [
                    -122.182855,
                    37.417424
                ]
            ]
        ]
    },
    "properties": {
        "acquired": "2023-09-13T18:02:18.992856Z",
        "anomalous_pixels": 0,
        "clear_confidence_percent": 100,
        "clear_percent": 100,
        "cloud_cover": 0.0,
        "cloud_percent": 0,
        "ground_control": true,
        "gsd": 3.9,
        "heavy_haze_percent": 0,
        "instrument": "PSB.SD",
        "item_type": "PSScene",
        "light_haze_percent": 0,
        "pixel_resolution": 3,
        "provider": "planetscope",
        "published": "2023-09-13T20:55:40Z",
        "publishing_stage": "finalized",
        "quality_category": "standard",
        "satellite_azimuth": 100.9,
        "satellite_id": "24ce",
        "shadow_percent": 0,
        "snow_ice_percent": 0,
        "strip_id": "6770796",
        "sun_azimuth": 133.5,
        "sun_elevation": 46.5,
        "updated": "2023-09-14T04:29:10Z",
        "view_angle": 5.1,
        "visible_confidence_percent": 100,
        "visible_percent": 100
    }
}