{
    "id": "20230630_183853_10_2480",
    "type": "Feature",
    "geometry": {
        "type": "Polygon",
        "coordinates": [
            [
                [
                    -122.182855,
                    37.417424
                ],
                [
                    -122.182855,
                    37.426557
                ],
                [
                    -122.168133,
                    37.426557
                ],
                [
                    -122.168133,
                    37.417424
                ],
                [
                    -122.182855,
                    37.417424
                ]
            ]
        ]
    },
    "properties": {
        "acquired": "2023-06-30T18:38:53.108379Z",
        "anomalous_pixels": 0,
        "clear_confidence_percent": 100,
        "clear_percent": 100,
        "cloud_cover": 0.0,
        "cloud_percent": 0,
        "ground_control": true,
        "gsd": 3.7,
        "heavy_haze_percent": 0,
        "instrument": "PSB.SD",
        "item_type": "PSScene",
        "light_haze_percent": 0,
        "pixel_resolution": 3,
        "provider": "planetscope",
        "published": "2023-07-01T02:43:41Z",
        "publishing_stage": "finalized",
        "quality_category": "standard",
        "satellite_azimuth": 277.3,
        "satellite_id": "2480",
        "shadow_percent": 0,
        "snow_ice_percent": 0,
        "strip_id": "6615371",
        "sun_azimuth": 118.4,
        "sun_elevation": 65.1,
        "updated": "2023-07-04T23:58:25Z",
        "view_angle": 5,
        "visible_confidence_percent": 100,
        "visible_percent": 100
    }
}