{
    "geometry": {
        "coordinates": [
            [
                [
                    -122.182855,
                    37.417424
                ],
                [
                    -122.182855,
                    37.426557
                ],
                [
                    -122.168133,
                    37.426557
                ],
                [
                    -122.168133,
                    37.417424
                ],
                [
                    -122.182855,
                    37.417424
                ]
            ]
        ],
        "type": "Polygon"
    },
    "properties": {
        "acquired": "2023-05-17T18:00:01.425586Z",
        "anomalous_pixels": 0.0,
        "clear_confidence_percent": 99,
        "clear_percent": 100,
        "cloud_cover": 0.0,
        "cloud_percent": 0,
        "ground_control": true,
        "gsd": 3.5,
        "heavy_haze_percent": 0,
        "instrument": "PSB.SD",
        "item_type": "PSScene",
        "light_haze_percent": 0,
        "pixel_resolution": 3.0,
        "publishing_stage": "finalized",
        "quality_category": "standard",
        "satellite_azimuth": 276.5,
        "satellite_id": "241b",
        "shadow_percent": 0,
        "snow_ice_percent": 0,
        "strip_id": "6515202",
        "sun_azimuth": 114.5,
        "sun_elevation": 57.2,
        "updated": "2023-10-13T22:21:38Z",
        "view_angle": 4.2,
        "visible_confidence_percent": 99,
        "visible_percent": 100
    },
    "type": "Feature"
}